<?xml version="1.0" encoding="UTF-8"?>
<project-private xmlns="http://www.netbeans.org/ns/project-private/1">
    <editor-bookmarks xmlns="http://www.netbeans.org/ns/editor-bookmarks/2" lastBookmarkId="0"/>
    <open-files xmlns="http://www.netbeans.org/ns/projectui-open-files/2">
        <group>
            <file>file:/C:/Users/Lenovo/OneDrive/Documents/NetBeansProjects/InfixPostfix/src/buttons/CloseBTN.java</file>
            <file>file:/C:/Users/Lenovo/OneDrive/Documents/NetBeansProjects/InfixPostfix/src/ScrollBarTableDark/ModernScrollBarUI.java</file>
            <file>file:/C:/Users/Lenovo/OneDrive/Documents/NetBeansProjects/InfixPostfix/src/infixpostfix/TableDark.java</file>
            <file>file:/C:/Users/Lenovo/OneDrive/Documents/NetBeansProjects/InfixPostfix/src/buttons/ComponentResizer.java</file>
            <file>file:/C:/Users/Lenovo/OneDrive/Documents/NetBeansProjects/InfixPostfix/src/buttons/MinimizeBTN.java</file>
            <file>file:/C:/Users/Lenovo/OneDrive/Documents/NetBeansProjects/InfixPostfix/src/ScrollBarTableDark/ScrollBarCustom.java</file>
            <file>file:/C:/Users/Lenovo/OneDrive/Documents/NetBeansProjects/InfixPostfix/src/infixpostfix/InfixToPostfixGUI.java</file>
            <file>file:/C:/Users/Lenovo/OneDrive/Documents/NetBeansProjects/InfixPostfix/src/infixpostfix/InfixToPostfixCalculator.java</file>
            <file>file:/C:/Users/Lenovo/OneDrive/Documents/NetBeansProjects/InfixPostfix/src/infixpostfix/Table.java</file>
        </group>
    </open-files>
</project-private>
